table,in_degree,out_degree,total_degree,entity_type,domain
TH_REVDATEX,451,6,457,table,
GS_CUR,88,1,89,table,
CS_CPW_FLTR_2_CUR,82,5,87,table,
TH_UDFDICT,80,3,83,table,
CS_CSH2ACC,59,3,62,table,
GS_QUOTPL,50,6,56,table,
GS_CMP,49,5,54,table,
CS_AB_FLTR_2_CMP,44,4,48,table,
CS_CSHFL,37,11,48,table,
TH_UDFDEF,42,5,47,table,
AA_LTRUL_2_BNKBR,42,4,46,table,
GS_CNTR,44,2,46,table,
GS_BNKBR,40,6,46,table,
CS_AB_FLTR_2_BNK,38,3,41,table,
TH_ALRT_2_USR,38,3,41,table,
TH_PROFILE,40,0,40,table,
GS_BNK,36,4,40,table,
TH_USR,36,1,37,table,
GS_BUDGCDS,35,2,37,table,
TH_ATTFSTORE,33,3,36,table,
CS_TRNTP,28,6,34,table,
DI_DI2ACC,31,1,32,table,
CS_FLOWCDS,30,1,31,table,
CS_B2FSC_2_FLOWCDS,28,2,30,table,
GS_FLDR,25,4,29,table,
CS_AB_FLTR_2_ACC,26,2,28,table,
RC_RC2ACC,25,1,26,table,
GS_ACC_CNTRP,18,8,26,table,
TH_SECPOL,22,1,23,table,
CS_RUL,17,5,22,table,
GS_BNKBRCT,17,3,20,table,
DI_TRNB,10,9,19,table,
DI_DI2PRTY_B,18,1,19,table,
TH_PRTLTRPT_FLS,16,3,19,table,
AA_ACCAU,5,13,18,table,
DI_BLSN,14,4,18,table,
PY_PAYTF,3,14,17,table,
DI_OUTFTR,13,4,17,table,
GS_INDXRT,15,2,17,table,
DI_ACRIN,13,4,17,table,
DI_TB,9,7,16,table,
DI_MF,9,7,16,table,
TH_OPREG,13,3,16,table,
DI_TL,9,7,16,table,
CS_SP,4,11,15,table,
DI_TD,8,7,15,table,
TH_STRUCTR,15,0,15,table,
DI_BC,8,7,15,table,
DI_MFLFIL,11,4,15,table,
GS_ACC,10,5,15,table,
GS_EMPL,10,5,15,table,
DI_DC,8,7,15,table,
DI_ML,8,7,15,table,
CS_RPT_BA_F,5,10,15,table,
DI_SL,8,7,15,table,
GS_NADDRTP,14,0,14,table,
CS_CPW_FLTR,8,6,14,table,
AA_CORRHST,5,9,14,table,
DI_AUTHLN_SCHDL,11,3,14,table,
GS_CNTRP,11,3,14,table,
CS_ACCPL,7,7,14,table,
TH_ENT_COND,12,2,14,table,
DI_TRNTP,9,5,14,table,
CS_BKDRL,2,11,13,table,
CS_CMSN,8,5,13,table,
PY_PAYTM,1,12,13,table,
CS_BKTRN,4,9,13,table,
RC_STMBNK,5,8,13,table,
DI_DI2CMP,12,1,13,table,
CS_DBTINTTERM,2,11,13,table,
DI_FNLINE,8,5,13,table,
DI_FINLINE_DTLS,5,8,13,table,
CS_BLTF,3,10,13,table,
GS_BNKSTTP,11,1,12,table,
CS_CMSNRL,2,10,12,table,
CS_CRDINTTERM,2,10,12,table,
AA_LTRUL,7,5,12,table,
PY_MASPAYTM,5,7,12,table,
CS_AVCDTN,2,9,11,table,
GS_IDNTTP,11,0,11,table,
CS_CSH_R_F,8,3,11,table,
DI_TRSR,7,4,11,table,
DI_CRLNF,7,4,11,table,
GS_ACC_BASE,8,3,11,table,
CS_INTC_CHRT,7,4,11,table,
DI_PMNSCH_B,9,2,11,table,
GS_ACC_IDNT,9,2,11,table,
GS_ACCFMT,10,1,11,table,
CS_ATCSPLTRM,1,10,11,table,
DI_MF_FS,0,10,10,table,
GS_PRTFL,10,0,10,table,
CS_B2FSC_2_BNKSTTP,8,2,10,table,
DI_TD_FS,0,10,10,table,
DI_SL_FS,0,10,10,table,
DI_TL_FS,0,10,10,table,
DI_BC_FS,0,10,10,table,
CS_CSHFLSRC,7,3,10,table,
TH_ENTVWPMS,7,3,10,table,
RC_STMGL,4,6,10,table,
DI_TRNB_A,8,2,10,table,
CS_AB_FLTR,5,5,10,table,
DI_PMNSCH_B_A,8,2,10,table,
CS_BCSBR,0,9,9,table,
DI_ML_FS,0,9,9,table,
DI_TB_FS,0,9,9,table,
DI_DC_FS,0,9,9,table,
DI_FNLINE_FS,2,7,9,table,
RC_RC2GLA,7,2,9,table,
RT_MANDATE,5,4,9,table,
CS_FLOWSCTS,6,3,9,table,
CS_DSCRLIMIT,1,8,9,table,
GS_BNKFLST,4,5,9,table,
RC_RCN_R_F,7,2,9,table,
GS_ACC_BNK,2,7,9,table,
DI_MFCODE,5,4,9,table,
CS_BLTM,1,8,9,table,
RC_RPRCS,9,0,9,table,
AA_ACCAU_A,0,9,9,table,
CS_B2FC_IR,2,7,9,table,
TH_UROLE,8,1,9,table,
CS_ATCSPLTRM_A,2,7,9,table,
CS_STMBNK2FL,4,5,9,table,
TH_ALRT_2_UROLE,7,2,9,table,
DI_DI2ACC_ROOT,8,1,9,table,
RC_STMBNK2GL,4,5,9,table,
CS_CRCNDF,6,3,9,table,
CS_BLTF_SETUP,3,6,9,table,
CS_CSHFL_A,3,5,8,table,
CS_BCSBR_A,1,7,8,table,
CS_CRDINTTERM_A,1,7,8,table,
TH_TCKT_TMPL,7,1,8,table,
CS_CPRCS,8,0,8,table,
TH_FILE_IN,6,2,8,table,
DI_SL_FS_A,0,8,8,table,
CS_BDG_REV,5,3,8,table,
AA_LT,4,4,8,table,
DI_TL_FS_A,0,8,8,table,
DI_RTUPDPMS,2,6,8,table,
DI_DC_FS_A,0,8,8,table,
DI_BC_FS_A,0,8,8,table,
CS_GFIDR,0,8,8,table,
AA_LTUSRTL,6,2,8,table,
GS_ADDRTP,8,0,8,table,
RC_RCN_D_F,6,2,8,table,
CS_BCNTTRM,1,7,8,table,
CS_SENDTRN,4,4,8,table,
DI_MF_FS_A,0,8,8,table,
GS_ACC_ROOT,7,1,8,table,
DI_TD_FS_A,0,8,8,table,
RC_DSCRLIMIT,0,8,8,table,
CS_F2FIDR,0,7,7,table,
RC_RCNREP,3,4,7,table,
RC_RUL,6,1,7,table,
AA_BTCHTL,5,2,7,table,
RC_B2GC_IR,0,7,7,table,
TH_BTCHTSK,6,1,7,table,
GS_ACC_CNTRP_A,0,7,7,table,
DI_TB_FS_A,0,7,7,table,
CS_PAYTBASE_A,3,4,7,table,
CS_DBTINTTERM_A,0,7,7,table,
GS_ACC_BNKBR,2,5,7,table,
CS_GEN_FEE,4,3,7,table,
CS_INTC_PAY,2,5,7,table,
AA_BTCHTL_TYPES_A,1,6,7,table,
CS_INTC_PAIR,3,4,7,table,
CS_BKDRL_A,1,6,7,table,
PY_TRNTP,5,2,7,table,
CS_CPRCSPM,7,0,7,table,
DI_ML_FS_A,0,7,7,table,
TH_FILE_BASE,5,2,7,table,
AA_ACCOPTP,7,0,7,table,
CS_AVCDTN_A,1,6,7,table,
AA_AU2EMP,5,2,7,table,
CS_BDG,2,5,7,table,
GS_PARTY_BASE,7,0,7,table,
RC_RPRCSPM,7,0,7,table,
RT_TRNTP,4,3,7,table,
CS_CMSNRL_A,0,7,7,table,
AA_CORRHST_A,1,6,7,table,
TH_RJCT,4,3,7,table,
CS_BDGT_FLTR,1,5,6,table,
RT_SDD,1,5,6,table,
CS_ACCPL_A,1,5,6,table,
CS_INGENRL_S,1,5,6,table,
CS_BKTRN_A,1,5,6,table,
CS_GFIDR_A,1,5,6,table,
AA_AU2CMP,5,1,6,table,
CS_PAYTBASE,4,2,6,table,
CS_B2FSC,2,4,6,table,
GS_GLACC,2,4,6,table,
GS_BNKFLSTENT_DTLS,4,2,6,table,
AA_DOC,4,2,6,table,
CS_STRTOSRCHRL,0,6,6,table,
CS_CSHFLSRC_A,5,1,6,table,
AA_AALTUSRTL_PARAMS_A,2,4,6,table,
AA_AU2ACC,5,1,6,table,
TH_BASENDP,6,0,6,table,
GS_ECNMC_TP,5,1,6,table,
AA_BTCHTL_TYPES,0,6,6,table,
GS_REJ2REC,0,6,6,table,
DI_MFMTD,6,0,6,table,
DI_RTUPDPMS_A,0,6,6,table,
GS_PHNTP,6,0,6,table,
GS_ACC_CNTRP_IDNT,4,2,6,table,
GS_GLSTTP,6,0,6,table,
TH_FILE_BASE_A,2,3,5,table,
CS_BLTF_U,2,3,5,table,
GS_BNKFLSTENT,4,1,5,table,
GS_ACC_ROOT_A,4,1,5,table,
CS_BNKFLENTLNK,2,3,5,table,
RT_TRN_GEN_RULES,2,3,5,table,
RT_MANDATE_A,0,5,5,table,
CS_INTC_PAY_U,2,3,5,table,
AA_AALTUSRTL,4,1,5,table,
CS_INTC_LINK,3,2,5,table,
TH_XEYETICKET,1,4,5,table,
GS_BLNGST,4,1,5,table,
AA_SIGNTP,4,1,5,table,
TH_ALRT,2,3,5,table,
TH_FUNCR,5,0,5,table,
GS_CNTRPCTG,5,0,5,table,
RC_STMBNK_A,0,5,5,table,
TH_UDFTP,4,1,5,table,
GS_BRNCHCAL,0,5,5,table,
GS_QPIDR,0,5,5,table,
DI_CRDTLN,4,1,5,table,
AA_CORRHST_CORR,1,4,5,table,
RC_B2GSC,2,3,5,table,
DI_AUTHLN,4,1,5,table,
AA_LTUSRTLD,4,1,5,table,
CS_F2FIDR_A,0,5,5,table,
RC_B2GC_IR_A,0,5,5,table,
TH_XEYEDEF,5,0,5,table,
DI_FNLINE_A,2,3,5,table,
DI_FINLINE_DTLS_A,0,5,5,table,
GS_PARTY_BASE_A,4,1,5,table,
DI_FNLINE_FS_A,0,5,5,table,
GS_ACC_INT,2,3,5,table,
GS_ACC_BNK_A,0,5,5,table,
CS_CSHFL_U,2,3,5,table,
PY_PAY2ACC_CTRP,4,1,5,table,
RC_RPRSTAT,0,5,5,table,
GS_ACC_A,0,5,5,table,
CS_CPW_STRCT,4,1,5,table,
TH_XEYEDEF_STEPS,3,1,4,table,
CS_BCNTTRM_A,1,3,4,table,
CS_INGENRL,2,2,4,table,
TH_UROLE_U,0,4,4,table,
AA_CORRHST_CORR_A,0,4,4,table,
RC_B2GC,4,0,4,table,
RC_PRCS2PRM,2,2,4,table,
GS_CNTRP_ADDR,0,4,4,table,
GS_BNK_U,0,4,4,table,
CS_B2FC_IR_A,0,4,4,table,
TH_CLNDR,4,0,4,table,
GS_CUR_U,0,4,4,table,
PY_PAY2ACC,3,1,4,table,
AA_EMPGRP,4,0,4,table,
AA_ACCAU_2_AU2EMP,2,2,4,table,
GS_QPIDR_A,0,4,4,table,
PY_PAY2CMP,3,1,4,table,
TH_USR_U,0,4,4,table,
TH_XEYEPL,4,0,4,table,
CS_AB_FLTR_A,0,4,4,table,
TH_IMPFLDR,3,1,4,table,
TH_FILELNK,0,4,4,table,
CS_BKTRN_CMNTS,1,3,4,table,
CS_CPRCS2RUL_A,0,4,4,table,
TH_XEYEPL_RIGHTS_CONDS_A,0,4,4,table,
GS_GLACC_U,0,4,4,table,
GS_BNKBR_ADDR_A,0,4,4,table,
GS_BNKBR_U,0,4,4,table,
GS_BNKBR_A,0,4,4,table,
GS_ACC_INT_U,0,4,4,table,
GS_ACC_BNKBR_A,0,4,4,table,
GS_BNK_ADDR_A,0,4,4,table,
GS_ACC_U,0,4,4,table,
GS_CNTRP_A,0,4,4,table,
GS_BRNCHCAL_A,0,4,4,table,
GS_CMP_ADDR,0,4,4,table,
DI_MFCODE_A,0,4,4,table,
TH_XEYEPL_RIGHTS,2,2,4,table,
TH_PRTL,3,1,4,table,
CS_INTC_PAIR_A,1,3,4,table,
DI_CRDTLN_SCHDL,1,3,4,table,
GS_CNTREG,2,2,4,table,
GS_BNKFLST_A,0,4,4,table,
CS_DBTINTTERM_STEPS_A,1,3,4,table,
GS_BNKSTTP_U,0,4,4,table,
GS_CNTRP_U,0,4,4,table,
GS_EMPL_A,0,4,4,table,
CS_CMSN_A,1,3,4,table,
CS_BDG_REV_A,1,3,4,table,
GS_BNK_ADDR,0,4,4,table,
RC_BNKFLENTLNK,1,3,4,table,
CS_BLTF_SETUP_A,0,4,4,table,
CS_BLTF_A,2,2,4,table,
GS_BNKBR_ADDR,0,4,4,table,
CS_CPRCS2RUL,1,3,4,table,
GS_ACC_BASE_A,2,2,4,table,
RC_RPRCS2RUL,1,3,4,table,
GS_PERIODTP,4,0,4,table,
AA_LT_U,1,3,4,table,
RT_SDD_A,0,4,4,table,
CS_CSH2CMP,3,1,4,table,
CS_INTC_CH_2_LNK,2,2,4,table,
AA_LTCTG,4,0,4,table,
DI_TRNTP_IF_A,0,4,4,table,
TH_DOCSTRG,2,2,4,table,
RT_RCT2CMP,2,2,4,table,
CS_RPT_BA_F_2_CMP,2,2,4,table,
CS_RPT_BA_F_2_CCY,1,3,4,table,
CS_SP_U,1,3,4,table,
DI_TRNTP_BF_A,0,4,4,table,
DI_TRNTP_IF,0,4,4,table,
QRTZ_TRIGGERS,3,1,4,table,
CS_CPW_FLTR_2_BR,1,3,4,table,
DI_TRNTP_BF,0,4,4,table,
CS_CRCNDF2BTC,2,2,4,table,
RC_STMGL_A,0,4,4,table,
GS_CNTRP_ADDR_A,0,4,4,table,
RC_RC2COM,3,1,4,table,
RC_STMBNK2GL_A,0,4,4,table,
RC_DSCRLIMIT_A,0,4,4,table,
TH_SECFR_RIGHTS,2,2,4,table,
CS_CPRSTAT,0,4,4,table,
TH_SECFR,3,1,4,table,
AA_ACCAU_U,1,3,4,table,
CS_DSCRLIMIT_A,0,3,3,table,
CS_CPRCS2PRM_A,0,3,3,table,
CS_STMBNK2FL_A,0,3,3,table,
TH_ATTFSTORE_A,0,3,3,table,
CS_SP_U_A,1,2,3,table,
CS_RUL_ELMT_A,1,2,3,table,
CS_CMSN_AMS_A,1,2,3,table,
AA_SIGNGRP,2,1,3,table,
CS_INTC_CH_CMP_A,0,3,3,table,
AA_LT_2_ACCAU_CAU,1,2,3,table,
CS_RPT_DA_F,2,1,3,table,
CS_TRNTP_SBYD,1,2,3,table,
RC_RUL_PRM_2_RUL,0,3,3,table,
DI_ML_U,0,3,3,table,
DI_AUTHLN_U,0,3,3,table,
CS_INGENRL_S_A,0,3,3,table,
CS_CRDINTTERM_STEPS_A,0,3,3,table,
CS_STRTOSRCHRL_A,0,3,3,table,
CS_FLOWCDS_U,0,3,3,table,
AA_LT_2_ACCAU_AU,1,2,3,table,
DI_TB_SCHDL,1,2,3,table,
CS_RUL_A,0,3,3,table,
CS_BAL_ACC_BNK_A,0,3,3,table,
CS_CRDINTTERM_STEPS,1,2,3,table,
CS_BALI_CF,0,3,3,table,
GS_BNKBR_NADDR_A,0,3,3,table,
CS_CSHFL_CMNTS,0,3,3,table,
GS_BNK_A,0,3,3,table,
CS_BAL_ACC_CF,0,3,3,table,
DI_MF_SCHDL,1,2,3,table,
GS_ACC_BASE_SBYD_A,0,3,3,table,
DI_TD_SCHDL,1,2,3,table,
DI_TB_PRPPMT,0,3,3,table,
DI_SL_SCHDL,1,2,3,table,
DI_AUTHLN_SCHDL_A,0,3,3,table,
CS_BAL_ACC_BNK,0,3,3,table,
CS_CSH_R_F2RULE,1,2,3,table,
DI_OUTFTR_2CURR,0,3,3,table,
AA_LTRUL_2_AU2CMP,1,2,3,table,
DI_ML_SCHDL,1,2,3,table,
TH_SCHEDULE,3,0,3,table,
CS_INGENRL_S_P,1,2,3,table,
DI_DC_SCHDL,1,2,3,table,
DI_CRDTLN_SCHDL_A,0,3,3,table,
CS_STMBNK2FL_E1_A,1,2,3,table,
GS_CNTRP_SBYD_A,0,3,3,table,
GS_CNTR_U,0,3,3,table,
DI_CRDTLN_U,0,3,3,table,
GS_BNKBRCT_U,0,3,3,table,
CS_STMBNK2FL_E1,1,2,3,table,
DI_TL_U,0,3,3,table,
GS_PRTFL_U,0,3,3,table,
CS_CSH_R_F2BNK,1,2,3,table,
DI_TRNTP_SBYD,0,3,3,table,
TH_USR_VLDT,3,0,3,table,
DI_MF_U,0,3,3,table,
CS_BNKFLSTLNK,1,2,3,table,
TH_GRIDRPT,2,1,3,table,
TH_OTGNGML,2,1,3,table,
CS_RPT_BA_F_2_ACC,1,2,3,table,
DI_BLSN_2CURR,0,3,3,table,
DI_TL_PRPPMT,0,3,3,table,
RT_SDD_U,0,3,3,table,
DI_BC_SCHDL,1,2,3,table,
GS_ACC_BASE_SBYD,0,3,3,table,
CS_CSH_R_F2CMP,1,2,3,table,
GS_BLNGSTGRP,2,1,3,table,
DI_TL_SCHDL,1,2,3,table,
RC_RPT_A_F,2,1,3,table,
RC_STMBNK_U,0,3,3,table,
AA_AALTUSRTL_FIELDS,0,3,3,table,
PY_PAYTF_U,0,3,3,table,
CS_B2FC,3,0,3,table,
GS_BNKBRCT_CTNADDR_A,0,3,3,table,
GS_BUDGCDS_U,0,3,3,table,
TH_RPTRES,0,3,3,table,
CS_RPT_BA_F_2_BNK,1,2,3,table,
GS_BLNGST_SRV,2,1,3,table,
GS_BNK_IDNT,0,3,3,table,
AA_AALTUSRTL_FIELDS_A,0,3,3,table,
CS_BKTRN_U,0,3,3,table,
DI_TRNTP_SBYD_A,0,3,3,table,
DI_TD_U,0,3,3,table,
CS_BDG_A,0,3,3,table,
RC_BAL_GLACC,0,3,3,table,
GS_EMPL_CTPHN_A,0,3,3,table,
AA_CORRHST_FILES,1,2,3,table,
DI_BC_U,0,3,3,table,
GS_FLDR_U,0,3,3,table,
CS_BKDRL_RLSTP_A,1,2,3,table,
CS_CPSC,3,0,3,table,
CS_ACCPL_S_A,1,2,3,table,
DI_DI2BNK,2,1,3,table,
CS_ACCPL_S_P,1,2,3,table,
CS_ACCPL_S,1,2,3,table,
CS_CRCNDF2BRNCH,0,3,3,table,
DI_CRLNF_2CURR,0,3,3,table,
CS_BAL_ACC_CF_A,0,3,3,table,
TH_SECFR_RIGHTS_A,0,3,3,table,
DI_PMNSCH_B2CSFL,0,3,3,table,
CS_AVCDTN_RLSTP_A,1,2,3,table,
AA_CORRHST_FILES_A,1,2,3,table,
DI_MFLFIL_2CURR,0,3,3,table,
CS_CSH_R_F2BTC,0,3,3,table,
DI_DC_U,0,3,3,table,
DI_SL_U,0,3,3,table,
AA_SIGNTP_A,1,2,3,table,
AA_LTRUL_A,0,3,3,table,
DI_TRSR_2CURR,0,3,3,table,
AA_LT_A,0,3,3,table,
CS_CPRCS2PRM,1,2,3,table,
RT_TRNTP_SBYD,0,3,3,table,
RT_TRN_GEN_RULES_A,0,3,3,table,
GS_ACCGRP_2_ACCI,0,3,3,table,
TH_BASENDP_A,2,1,3,table,
TH_FILE_OUT_A,0,3,3,table,
GS_CMP_CTNADDR,0,3,3,table,
TH_IMP_S_P_FLT,1,2,3,table,
TH_FILE_IN_A,0,3,3,table,
TH_LOGACTIVITY,0,3,3,table,
GS_CMP_CTPHN,0,3,3,table,
GS_CMP_ADDR_A,0,3,3,table,
TH_RJCT_A,0,3,3,table,
GS_CMP_A,0,3,3,table,
TH_PRTL_LINKS,1,2,3,table,
TH_ENTVWCNDCFG,1,2,3,table,
TH_ENTFLTPMS,2,1,3,table,
TH_UDFDEF_A,0,3,3,table,
TH_UROLE_2_SECPOL,0,3,3,table,
RT_RCT2CTRP,2,1,3,table,
TH_UROLE_2_SPOL_CTX,0,3,3,table,
TH_UROLE_2_SPOL_CTX_A,0,3,3,table,
TH_USR_2_UROLE,0,3,3,table,
TH_USR_VLDT_TU,0,3,3,table,
TH_USR_VLDT_TUR,0,3,3,table,
GS_ACCGRP,3,0,3,table,
TH_UROLE_2_SECFR,0,3,3,table,
TH_USRTI,1,2,3,table,
TH_USRNOTIF,0,3,3,table,
TH_XEYEDEF_STEPS_RLS,0,3,3,table,
GS_BNKBR_IDNT_A,0,3,3,table,
TH_XEYETICKET_STEP,1,2,3,table,
TH_XEYEPL_RIGHTS_A,0,3,3,table,
TH_XEYEPL_RIGHTS_CONDS,0,3,3,table,
CS_SENDTRN_A,2,1,3,table,
RT_TRNTP_SBYD_A,0,3,3,table,
RC_BALI_ACC,0,3,3,table,
RC_BAL_ACC_A,0,3,3,table,
GS_EMPL_CTNADDR_A,0,3,3,table,
GS_CNTRP_IDNT_A,0,3,3,table,
GS_CNTRP_NADDR,0,3,3,table,
GS_CNTRP_SBYD,0,3,3,table,
GS_CNTRPCTG_SBYD_A,0,3,3,table,
GS_REJ2REC_A,0,3,3,table,
PY_CREACC_TM_A,0,3,3,table,
GS_BNKBRCT_CTPHN_A,0,3,3,table,
GS_CMP_U,0,3,3,table,
PY_PAY2CTRP,2,1,3,table,
PY_TRNTP_A,0,3,3,table,
PY_TRNTP_SBYD_A,0,3,3,table,
PY_TRNTP_SBYD,0,3,3,table,
RC_BAL_ACC,0,3,3,table,
GS_CMP_SBYD,0,3,3,table,
GS_CMP_CTPHN_A,0,3,3,table,
PY_PAYTF_A,0,3,3,table,
GS_CMP_NADDR,0,3,3,table,
RC_PRCS2PRM_A,0,3,3,table,
RC_RCN_D_F2BRNCH,0,3,3,table,
RC_RCN_D_F2BTC,0,3,3,table,
GS_CMP_IDNT,0,3,3,table,
RC_BAL_GLACC_A,0,3,3,table,
RC_RPRCS2RUL_A,0,3,3,table,
RC_BNKFLSTLNK,1,2,3,table,
RC_STMBNK_CMNTS,0,3,3,table,
RC_STMBNK2GL_E2_A,0,3,3,table,
RC_STMBNK2GL_E1_A,0,3,3,table,
RC_STMGL_CMNTS,0,3,3,table,
RT_MANDATE_U,0,3,3,table,
GS_CNTRP_IDNT,0,3,3,table,
GS_EMPL_U,0,3,3,table,
GS_CMP_SBYD_A,0,3,3,table,
GS_ACC_ROOT_FILES,0,3,3,table,
AA_LT_ESIGN_DOC,2,1,3,table,
CS_TRNTP_SBYD_A,0,3,3,table,
DI_TB_U,0,3,3,table,
CS_DBTINTTERM_STEPS,1,2,3,table,
GS_CNTRP_NADDR_A,0,3,3,table,
RC_STMGL_U,0,3,3,table,
DI_CRDTLN_U_A,0,2,2,table,
DI_BC_PNLTY_A,0,2,2,table,
CS_CSH_R_F2PRCS,0,2,2,table,
DI_BC_PNLTY,0,2,2,table,
RC_B2GSC_A,0,2,2,table,
DI_BLSN_2FLDR,0,2,2,table,
GS_BNK_IDNT_A,0,2,2,table,
DI_CRDTLN_A,0,2,2,table,
RC_RUL_ELMT_A,0,2,2,table,
RC_RCN_R_F2BNK,0,2,2,table,
RC_PRCSPM_2_BNK,0,2,2,table,
PY_PAYTM_A,0,2,2,table,
GS_BNK_U_A,0,2,2,table,
DI_BLSN_2PRTF,0,2,2,table,
DI_BC_U_A,0,2,2,table,
CS_RPT_DA_F_2_ACC,0,2,2,table,
RC_RC2GLA_A,0,2,2,table,
RC_PRCSPM_2_CMP,0,2,2,table,
DI_ACRIN_2CURR,0,2,2,table,
DI_ACRIN_2CMP,0,2,2,table,
DI_ACRIN_2ACCS,0,2,2,table,
RC_RCN_D_F2USR,0,2,2,table,
CS_STMBNK2FL_E2_A,0,2,2,table,
DI_MFLFIL_2CMP,0,2,2,table,
GS_CMP_NADDR_A,0,2,2,table,
PY_PAYTF_U_A,0,2,2,table,
GS_CMP_U_A,0,2,2,table,
RC_B2GSC_2_BNKSTTP,0,2,2,table,
DI_SL_PNLTY,0,2,2,table,
DI_MFMTD_2CMP,0,2,2,table,
DI_MFLFIL_2PRTF,0,2,2,table,
DI_MFLFIL_2ISIN,0,2,2,table,
GS_BLNGST_A,0,2,2,table,
DI_MFMTD_2PRTF,0,2,2,table,
DI_MFMTD_2MFCD,0,2,2,table,
DI_MFMTD_2INMD1,0,2,2,table,
RC_RCNREP_2CMPS,0,2,2,table,
DI_AUTHLN_A,0,2,2,table,
GS_CMPGRP_2_CMP,0,2,2,table,
DI_DC_PNLTY,0,2,2,table,
DI_MFLFIL_2ACCS,0,2,2,table,
DI_MFLFIL_2CNTR,0,2,2,table,
DI_CRLNF_2CNTR,0,2,2,table,
CS_BKTRN_U_A,0,2,2,table,
DI_ACRIN_2PRTF,0,2,2,table,
DI_DC_SCHDL_A,0,2,2,table,
DI_BC_FILES,0,2,2,table,
CS_TRNTP_SBY,1,1,2,table,
CS_STMBNK2FL_E2,0,2,2,table,
GS_CMP_IDNT_A,0,2,2,table,
RC_STMBNK_U_A,0,2,2,table,
DI_DC2GSCHDL,0,2,2,table,
GS_PRTFL_U_A,0,2,2,table,
CS_CPRCSPM_2_BNKBR,0,2,2,table,
CS_CMSNRL_2_FC,0,2,2,table,
CS_CPRCS2JOB,0,2,2,table,
CS_CPRCSPM_2_ACC,0,2,2,table,
DI_AUTHLN_U_A,0,2,2,table,
CS_CPRCS2PRM_PRMV,0,2,2,table,
CS_CPRCSPM_2_BNK,0,2,2,table,
CS_BDG_REV_ITEM,1,1,2,table,
GS_ACC_ROOT_FILES_A,0,2,2,table,
CS_CRCNDF2BNK,0,2,2,table,
CS_CPRCSPM_2_CMP,0,2,2,table,
DI_MF_PENALTIES_A,0,2,2,table,
GS_CMP_FILES,0,2,2,table,
RC_RPRCSPM_2_ACC,0,2,2,table,
GS_BLNGSTGRP_A,0,2,2,table,
CS_BALI_BNK,0,2,2,table,
RT_MANDATE_FILES,0,2,2,table,
RC_STMGL_U_A,0,2,2,table,
RT_MANDATE_FILES_A,0,2,2,table,
GS_BLNGST_SRV_A,0,2,2,table,
CS_CRCNDF2ACC,0,2,2,table,
CS_CPW_FLTR_2_CPG,0,2,2,table,
GS_BNK_NADDR_A,0,2,2,table,
DI_DC_PNLTY_A,0,2,2,table,
RC_RCN_D_F2BNK,0,2,2,table,
RC_RCN_R_F2BRNCH,0,2,2,table,
CS_RUL_PRM,2,0,2,table,
CS_RUL_PRM_2_RUL,0,2,2,table,
CS_BNKBATCH,2,0,2,table,
RC_RCN_R_F2BTC,0,2,2,table,
CS_FLOWCTS,2,0,2,table,
RC_RCN_R_F2PRCS,0,2,2,table,
DI_DC_FILES,0,2,2,table,
RC_RCN_R_F2RULE,0,2,2,table,
DI_TL_SCHDL_A,0,2,2,table,
CS_CRCNDF2CMP,0,2,2,table,
DI_TB_FILES,0,2,2,table,
CS_CPW_FLTR_2_BNK,0,2,2,table,
GS_CMPGRP,2,0,2,table,
DI_DC_U_A,0,2,2,table,
GS_BNKGRP,2,0,2,table,
CS_CPW_FLTR_2_ACG,0,2,2,table,
CS_CPW_FLTR_2_BKG,0,2,2,table,
RC_RPT_A_F_2_ACC,0,2,2,table,
CS_CRCNDF2USR,0,2,2,table,
RC_PRCSPM_2_BNKBR,0,2,2,table,
CS_SP_FILES,0,2,2,table,
GS_ACC_INT_U_A,0,2,2,table,
GS_BNKBRCT_CTPHN,0,2,2,table,
PY_TRNTP_SBY,0,2,2,table,
AA_ACCAU_U_A,0,2,2,table,
Tableaux d'amortissement,0,2,2,view,
CS_CMSN_FXS_A,0,2,2,table,
AA_ACCOPTP_ST_A,0,2,2,table,
GS_CUR_U_A,0,2,2,table,
GS_BNKSTTP_U_A,0,2,2,table,
GS_QUOTPL_2_CUR1,0,2,2,table,
PY_INTBNK2PAY_A,0,2,2,table,
TH_STRFLD,1,1,2,table,
TH_STG,0,2,2,table,
TH_SRCHCFG_FIELDS,0,2,2,table,
TH_USR_VLDT_COND,0,2,2,table,
PY_INTBNK2PAYTM_A,0,2,2,table,
TH_UDF_CND2VAL,0,2,2,table,
GS_QUOTPL_A,0,2,2,table,
CS_CSHFL_U_A,0,2,2,table,
TH_APPSET_A,0,2,2,table,
TH_PRTLTRPT,2,0,2,table,
TH_ENTVWDTCF,2,0,2,table,
GS_BNKGRP_2_BNK,0,2,2,table,
TH_PRTL_GROUPS,1,1,2,table,
TH_BLG_P_FLT,0,2,2,table,
PY_IBNK2MASPAYTM_A,0,2,2,table,
AA_AU2CMP_2_AU2EMP,0,2,2,table,
GS_CURRATE,0,2,2,table,
AA_BTCHTL_2_AU2ACC,0,2,2,table,
GS_FLDR_U_A,0,2,2,table,
GS_GLACC_A,0,2,2,table,
GS_EMPL_U_A,0,2,2,table,
CS_B2FSC_A,0,2,2,table,
CS_BDG_REV_ITEM_A,0,2,2,table,
GS_GLACC_U_A,0,2,2,table,
CS_BKDRL_RLSTP,1,1,2,table,
GS_EMPLREL_A,0,2,2,table,
GS_INTRSTRT_A,0,2,2,table,
GS_EMPLREL,0,2,2,table,
CS_BLTF_U_A,0,2,2,table,
CS_CMSN_UNS_A,0,2,2,table,
AA_BTCHTL_A,0,2,2,table,
AA_DOC_A,0,2,2,table,
GS_BNKBR_IDNT,0,2,2,table,
GS_CNTRP_SBY,0,2,2,table,
GS_CURRATE_A,0,2,2,table,
AA_CORRTP,2,0,2,table,
GS_CNTRP_U_A,0,2,2,table,
AA_LTCTG_FILES_A,0,2,2,table,
AA_LT_U_A,0,2,2,table,
AA_LT_FILES,0,2,2,table,
GS_FLDR_A,0,2,2,table,
TH_IMP_S_P2FR,0,2,2,table,
PY_IBNK2MASPAYTM,0,2,2,table,
GS_BNKFLSTENT_DTLS_A,0,2,2,table,
GS_CNTRPCTG_SBYD,0,2,2,table,
CS_INTC_CH_CMP,0,2,2,table,
RC_RCNREP_2ACCS,0,2,2,table,
DI_RTUPDPMS2TRNTP,0,2,2,table,
RC_RCN_R_F2ACC,0,2,2,table,
RC_RCN_D_F2CMP,0,2,2,table,
PY_CREACC_TM,0,2,2,table,
GS_CNTR_U_A,0,2,2,table,
CS_INTC_PAY_A,0,2,2,table,
RC_BALI_GLACC,0,2,2,table,
CS_INTC_PAY_U_A,0,2,2,table,
GS_EMPL_CTPHN,0,2,2,table,
CS_CSH_R_F2BRNCH,0,2,2,table,
GS_EMPL_CTNADDR,0,2,2,table,
GS_EMPLRELTP,2,0,2,table,
GS_PSTNTP,2,0,2,table,
DI_CRLNF_2CMP,0,2,2,table,
GS_CNTR_A,0,2,2,table,
GS_BNKBR_NADDR,0,2,2,table,
GS_BNKBR_U_A,0,2,2,table,
GS_QUOTPL_2_CUR,0,2,2,table,
CS_RUL_PRM_A,1,1,2,table,
AA_LTRUL_2_EMPGRP,0,2,2,table,
GS_CNTREG_A,0,2,2,table,
RC_STMBNK2GL_E1,0,2,2,table,
DI_MFLFIL_2FLDR,0,2,2,table,
TH_ATTCH_ROLE,2,0,2,table,
TH_DBRD,1,1,2,table,
TH_ATTCH_TYPE,2,0,2,table,
PY_INTBNK2PAY,0,2,2,table,
CS_PAYTBASE_FILES,0,2,2,table,
GS_BNKFLSTENT_A,0,2,2,table,
CS_FLOWCDS_U_A,0,2,2,table,
GS_BNKBRCT_U_A,0,2,2,table,
TH_ENTFLTPM,1,1,2,table,
PY_INTBNK2PAYTM,0,2,2,table,
TH_BTCHTSK_P_FLT,0,2,2,table,
TH_BSDRPT,2,0,2,table,
RC_RPT_BV_F_2_ACC,0,2,2,table,
RC_RPT_CS_F_2_ACC,0,2,2,table,
RC_RPT_CS_F,1,1,2,table,
RC_RPT_AS_F_2_ACC,0,2,2,table,
RC_STMBNK2GL_E2,0,2,2,table,
CS_INGENRL_A,0,2,2,table,
CS_INTC_CHRT_A,0,2,2,table,
RC_RPT_ES_F,1,1,2,table,
RC_RPT_ES_F_2_ACC,0,2,2,table,
RC_RPT_AS_F,1,1,2,table,
RC_RPT_BV_F,1,1,2,table,
RT_MANDATE_U_A,0,2,2,table,
CS_CPW_STRCT_ROW,0,2,2,table,
RC_B2GSC_2_GLSTTP,0,2,2,table,
DI_RTUPDPMS2IDXRT,0,2,2,table,
DI_ALSCHDL_2CSFL,0,2,2,table,
DI_BLSN_2INRM1,0,2,2,table,
RC_RCN_R_F2CMP,0,2,2,table,
TH_FILE_OUT,0,2,2,table,
TH_ENTVWCOLPM,1,1,2,table,
TH_TCKT_ATTCH_A,0,2,2,table,
GS_BUDGCDS_A,0,2,2,table,
DI_OUTFTR_2ACCS,0,2,2,table,
TH_USRSECRINF,0,2,2,table,
TH_STRPPFLD_A,0,2,2,table,
TH_OTGNGML_FILES,0,2,2,table,
TH_EU_ST,1,1,2,table,
GS_EMPL_FILES_A,0,2,2,table,
GS_EMPL_FILES,0,2,2,table,
DI_SL_FILES,0,2,2,table,
DI_CLSCHDL_2CSFL,0,2,2,table,
DI_TD_PNLTY,0,2,2,table,
DI_TD_FILES,0,2,2,table,
TH_UDFDICT_A,0,2,2,table,
DI_OUTFTR_2PRTF,0,2,2,table,
TH_BSDRPT_FL,0,2,2,table,
DI_ACRIN_2INRM1,0,2,2,table,
GS_BNK_NADDR,0,2,2,table,
GS_BNKBRCT_CTNADDR,0,2,2,table,
TH_SECFR_A,0,2,2,table,
DI_TL_FILES,0,2,2,table,
DI_FNLINE2CMPS,0,2,2,table,
DI_TB_PNLTY,0,2,2,table,
DI_ML_PENALTIES_A,0,2,2,table,
TH_OUTGNGMLTMPLT_A,0,2,2,table,
RC_RPRCS2JOB,0,2,2,table,
CS_BLTM_A,0,2,2,table,
DI_ML_SCHDL_A,0,2,2,table,
TH_UDF_CND2VAL_A,0,2,2,table,
TH_RPT_A,0,2,2,table,
DI_TL2GSCHDL,0,2,2,table,
DI_TL_U_A,0,2,2,table,
DI_TL_PNLTY_A,0,2,2,table,
DI_ML_U_A,0,2,2,table,
DI_TL_PNLTY,0,2,2,table,
DI_ML2GSCHDL,0,2,2,table,
DI_ACRIN_2CNTR,0,2,2,table,
AA_AALTUSRTL_A,0,2,2,table,
DI_SL_PNLTY_A,0,2,2,table,
CS_GEN_FEE_A,0,2,2,table,
TH_EU_ST_FLDS,0,2,2,table,
TH_STG_A,0,2,2,table,
DI_TB_PRPPMT_A,0,2,2,table,
TH_SECTK_POLICIES,0,2,2,table,
DI_BLSN_2CNTR,0,2,2,table,
DI_BLSN_2CMP,0,2,2,table,
DI_BLSN_2ACCS,0,2,2,table,
DI_FNLINE2TRNTP,0,2,2,table,
DI_DI2BNKBR,1,1,2,table,
DI_FNLINE2BRNCH,0,2,2,table,
TH_SECFR_RIGHTS_CONDS_A,0,2,2,table,
DI_TB_U_A,0,2,2,table,
RC_RUL_A,0,2,2,table,
TH_USRSECRINF_A,0,2,2,table,
TH_ENTVIWPLOT,2,0,2,table,
TH_USRTI_2_SECTK,0,2,2,table,
TH_SECTK,2,0,2,table,
GS_ACC_BNKBR_IDNT,0,2,2,table,
CS_CSH_R_F2ACC,0,2,2,table,
GS_ACCGRP_2_ACC,0,2,2,table,
DI_TD_PNLTY_A,0,2,2,table,
DI_FNLINE2ACCS,0,2,2,table,
DI_TB_SCHDL_A,0,2,2,table,
DI_TRSR_2INRM1,0,2,2,table,
AA_LT_ESIGN_DOC_A,0,2,2,table,
TH_UDFTP_A,0,2,2,table,
TH_TCKT_DTL_A,0,2,2,table,
DI_TD2GSCHDL,0,2,2,table,
TH_STRFLD_A,0,2,2,table,
TH_SECPOL_A,0,2,2,table,
TH_SECPOL_SECURITIESBY_A,0,2,2,table,
GS_ACC_BASE_SBY,0,2,2,table,
AA_AALTUSRTL_PARAMS,0,2,2,table,
DI_TD_U_A,0,2,2,table,
TH_UROLE_A,0,2,2,table,
TH_UROLE_U_A,0,2,2,table,
CS_CPW_FLTR_2_ACC,0,2,2,table,
DI_SL_SCHDL_A,0,2,2,table,
DI_SL_U_A,0,2,2,table,
DI_BC2GSCHDL,0,2,2,table,
DI_SL2GSCHDL,0,2,2,table,
TH_USR_U_A,0,2,2,table,
AA_EMPGRP_2_AU2EMP,0,2,2,table,
TH_STRFLD_2_CNVRTR,0,2,2,table,
DI_ML_FILES,0,2,2,table,
TH_OTGNGML_FILES_A,0,2,2,table,
DI_TL_PRPPMT_A,0,2,2,table,
TH_ENTVWDTCF_PAGES,1,1,2,table,
DI_MFLFIL_2INRM1,0,2,2,table,
TH_IPS,0,2,2,table,
TH_BTCHTSKLOG,0,2,2,table,
GS_CMP_CTNADDR_A,0,2,2,table,
CS_CPW_FLTR_2_CMP,0,2,2,table,
TH_MSGTMPLT,2,0,2,table,
TH_BSDRPT_FL_A,0,2,2,table,
DI_OUTFTR_2CMP,0,2,2,table,
TH_DOCSTRG_FILES,0,2,2,table,
AA_LTRUL_2_ACCOPTP,0,2,2,table,
GS_BLNGST_SRV_TXID_A,0,2,2,table,
TH_XEYEDEF_STEPS_USR,0,2,2,table,
GS_ACC_BNK_IDNT,0,2,2,table,
DI_MFRATE_A,0,2,2,table,
TH_CMNTS,0,2,2,table,
TH_DOCSTRG_A,0,2,2,table,
CS_CPSC_2_CPSC_FD,0,2,2,table,
DI_ASSETCLS,2,0,2,table,
DI_OUTFTR_2CNTR,0,2,2,table,
DI_ML_PENALTIES,0,2,2,table,
DI_MF_A,0,2,2,table,
RC_RUL_ELMT,0,2,2,table,
GS_ACC_U_A,0,2,2,table,
AA_LTRUL_2_AU2ACC,0,2,2,table,
DI_TB2GSCHDL,0,2,2,table,
AA_LTCTG_FILES,0,2,2,table,
DI_MF_FILES,0,2,2,table,
RT_RCT2CMP_A,0,2,2,table,
TH_RJCT_REASONS_A,0,2,2,table,
CS_CSH_CHRT,1,1,2,table,
DI_TD_SCHDL_A,0,2,2,table,
DI_OUTFTR_2FLDR,0,2,2,table,
RC_RCN_D_F2ACC,0,2,2,table,
RT_SDD_U_A,0,2,2,table,
DI_MFMTD_2CNTR,0,2,2,table,
CS_ACCPL_2_ACC,0,2,2,table,
RT_TRNTP_SBY,0,2,2,table,
DI_MF_PENALTIES,0,2,2,table,
CS_AB_FLTR_2_AP,0,2,2,table,
TH_SCHEDULE_COND_A,0,2,2,table,
RT_TRNTP_A,0,2,2,table,
TH_ENTVWDTLPM,0,2,2,table,
CS_FLOWSCTS_A,0,2,2,table,
TH_SECFR_RIGHTS_CONDS,0,2,2,table,
DI_TRSR_2CMPS,0,2,2,table,
TH_XEYETICKET_STEP_UA,0,2,2,table,
DI_TRSR_2CNTR,0,2,2,table,
TH_IPS_A,0,2,2,table,
DI_MF2GSCHDL,0,2,2,table,
DI_OUTFTR_2INRM1,0,2,2,table,
AA_BTCHTL_2_AU2EMP,0,2,2,table,
TH_CLNDR_SPECKDAY_A,0,2,2,table,
TH_GRIDRPT_FLS_A,0,2,2,table,
TH_GRIDRPT_FLS,0,2,2,table,
GS_BUDGCTS,2,0,2,table,
GS_ACCFMT_A,0,2,2,table,
GS_BUDGCDS_U_A,0,2,2,table,
DI_MF_SCHDL_A,0,2,2,table,
DI_ACRIN_2FLDR,0,2,2,table,
TH_EXPFLDR_A,0,2,2,table,
GS_ACC_CNTRP_IDNT_A,0,2,2,table,
GS_BNKBRCT_A,0,2,2,table,
TH_IMPFLDR_A,0,2,2,table,
TH_DOCSTRG_FILES_A,0,2,2,table,
TH_PRTLTRPT_FLS_A,0,2,2,table,
DI_TRNTP_SBY,0,2,2,table,
DI_ML_A,0,2,2,table,
TH_XEYEDEF_STEPS_A,0,2,2,table,
DI_BC_SCHDL_A,0,2,2,table,
DI_TRSR_2BNKS,0,2,2,table,
DI_TRSR_2BACC,0,2,2,table,
RC_BNKFLENTLNK_ERRS,0,2,2,table,
DI_MF_U_A,0,2,2,table,
CS_CPRCSPM_A,0,1,1,table,
CS_CSH2BNKBR,0,1,1,table,
CS_CPSC_FD,1,0,1,table,
GS_BLNGST_COMP_A,0,1,1,table,
TH_EXPFLDR,0,1,1,table,
CS_CPRCSPM_2_CMP_A,0,1,1,table,
CS_CPSC_A,0,1,1,table,
CS_CSHFL_SP_A,0,1,1,table,
CS_ATCSPLTRM_ORDR_A,0,1,1,table,
CS_CPRCSPM_2_ACC_A,0,1,1,table,
VDTSSXAPAYMENT,0,1,1,view,
CS_CSH2BNKBR_A,0,1,1,table,
GS_EMPLRELTP_A,0,1,1,table,
GS_ACC_BNK_IDNT_A,0,1,1,table,
CS_CPRCS_PRMV_A,0,1,1,table,
CS_CMSNRL_2_FC_A,0,1,1,table,
FINANCEMENT_BI,0,1,1,view,
CS_CPRCS_A,0,1,1,table,
CS_CPRCSPM_2_BNK_A,0,1,1,table,
GS_ECNMC_TP_A,0,1,1,table,
GS_CNTRPCTG_A,0,1,1,table,
CS_CPRCSPM_2_BNKBR_A,0,1,1,table,
DI_TD2GSCHDL_A,0,1,1,table,
GS_BNKSTTP_A,0,1,1,table,
GS_INTRSTRT,0,1,1,table,
CS_CSH2ACC_A,0,1,1,table,
CS_CSH2ACC_ROOT_A,0,1,1,table,
GS_EMPLDLGTNS,0,1,1,table,
CS_CSH2ACC_ROOT,0,1,1,table,
DI_TRNTP_A,0,1,1,table,
CS_CPSC_2_CPSC_FD_A,0,1,1,table,
GS_EMPLDLGTNS_A,0,1,1,table,
DI_TD_TX_A,0,1,1,table,
CS_CPW_CODE_A,0,1,1,table,
CS_CPSC_FD_A,0,1,1,table,
DI_TD_TX,0,1,1,table,
CS_CSH2CMP_A,0,1,1,table,
CS_ACCPL_S_P_A,0,1,1,table,
CS_CSHFL_SP,0,1,1,table,
DI_DC_A,0,1,1,table,
DI_DI2BNKBR_A,0,1,1,table,
DI_DI2ACC_CTRP_A,0,1,1,table,
DI_DI2ACC_A,0,1,1,table,
DI_MFMTD_2CMP_A,0,1,1,table,
DI_MF_TX_A,0,1,1,table,
GS_CMP_FILES_A,0,1,1,table,
DI_DC_FILES_A,0,1,1,table,
DI_MF2GSCHDL_A,0,1,1,table,
GS_BNKGRP_2_BNK_A,0,1,1,table,
DI_MFMTD_2CNTR_A,0,1,1,table,
DI_CLSCHDL_2CSFL_A,0,1,1,table,
DI_BC_TX_A,0,1,1,table,
DI_BC_TX,0,1,1,table,
GS_ADDRTP_A,0,1,1,table,
DI_ML_FILES_A,0,1,1,table,
GS_CMP_SBY,0,1,1,table,
DI_MFMTD_A,0,1,1,table,
DI_MFMTD_2PRTF_A,0,1,1,table,
DI_MFMTD_2MFCD_A,0,1,1,table,
DI_MFMTD_2INMD1_A,0,1,1,table,
DI_DI2ACC_CTRP,0,1,1,table,
GS_BLNGST_2_BLNGST_COMP_A,0,1,1,table,
DI_DI2ACC_ROOT_A,0,1,1,table,
DI_DI2BNK_A,0,1,1,table,
DI_DI2ACC_BNKBR_A,0,1,1,table,
DI_MF_FILES_A,0,1,1,table,
DI_DI2ACC_BNK_A,0,1,1,table,
DI_DI2ACC_BNKBR,0,1,1,table,
DI_MF_DET,0,1,1,table,
DI_DI2ACC_BNK,0,1,1,table,
DI_DC2GSCHDL_A,0,1,1,table,
DI_DI2PRTY_B_A,0,1,1,table,
DI_DI2CTRP,0,1,1,table,
DI_DI2CMP_A,0,1,1,table,
DI_MF_DET_A,0,1,1,table,
DI_ML_TX,0,1,1,table,
DI_ML2GSCHDL_A,0,1,1,table,
DI_ASSETCLS_A,0,1,1,table,
CS_PAYTBASE_FILES_A,0,1,1,table,
Ligne de financement,0,1,1,view,
CS_INTC_CH_2_LNK_A,0,1,1,table,
CS_INTC_LINK_A,0,1,1,table,
RC_RPT_A_F_SRTCR,0,1,1,table,
CS_INGENRL_S_P_A,0,1,1,table,
DI_SL_TX,0,1,1,table,
DI_SL_TX_A,0,1,1,table,
DI_SL2GSCHDL_A,0,1,1,table,
GS_ACC_IDNT_A,0,1,1,table,
GS_ACCGRP_2_ACC_A,0,1,1,table,
GS_ACC_BNKBR_IDNT_A,0,1,1,table,
DI_TB_TX,0,1,1,table,
CS_FLOWCDS_A,0,1,1,table,
DI_TB_TX_A,0,1,1,table,
DI_TD_FILES_A,0,1,1,table,
GS_ACCGRP_2_ACCI_A,0,1,1,table,
CS_GEN_FEE_FEESTEPS_A,0,1,1,table,
DI_ALSCHDL_2CSFL_A,0,1,1,table,
GS_ACCGRP_A,0,1,1,table,
DI_OUTFTR_2DMNS,0,1,1,table,
DI_ACRIN_2DMNS,0,1,1,table,
CS_TRNTP_A,0,1,1,table,
DI_RTUPDPMS2IDXRT_A,0,1,1,table,
GS_CMPGRP_2_CMP_A,0,1,1,table,
GS_CMPGRP_A,0,1,1,table,
DI_RTUPDPMS2TRNTP_A,0,1,1,table,
CS_SP_FILES_A,0,1,1,table,
CS_SP_A,0,1,1,table,
TH_FTFLD,1,0,1,table,
GS_BLNGST_2_BLNGST_CURREXCH_A,0,1,1,table,
DI_SL_A,0,1,1,table,
DI_DI2CTRP_A,0,1,1,table,
DI_SL_FILES_A,0,1,1,table,
GS_BUDGCTS_A,0,1,1,table,
CS_RUL_PRM_2_RUL_A,0,1,1,table,
RC_PRCSPM_2_CMP_A,0,1,1,table,
CS_ACCPL_2_ACC_A,0,1,1,table,
DI_TL2GSCHDL_A,0,1,1,table,
DI_PMNSCH_B2CSFL_A,0,1,1,table,
DI_OUTFTR_2CTGR,0,1,1,table,
CS_ATCSPLTRM_ORDR,0,1,1,table,
DI_TRSR_2CTGR,0,1,1,table,
TH_GRIDRPT_A,0,1,1,table,
TH_CNVRTR_A,0,1,1,table,
TH_ODTRPTDS_A,0,1,1,table,
DI_TL_FILES_A,0,1,1,table,
DI_TB_FILES_A,0,1,1,table,
DI_TB_A,0,1,1,table,
TH_PROFILE_A,0,1,1,table,
DI_TL_TX_A,0,1,1,table,
CS_AB_FLTR_2_BNK_A,0,1,1,table,
DI_TL_TX,0,1,1,table,
TH_PRTL_LINKS_PARAMS,0,1,1,table,
GS_PSTNTP_A,0,1,1,table,
TH_RJCT_REASONS,0,1,1,table,
TH_BSDRPT_A,0,1,1,table,
TH_ENTVWCOLPM_AGGR,0,1,1,table,
TH_TCKT_DTL,0,1,1,table,
DI_ACRIN_2CTGR,0,1,1,table,
TH_ENTVWCNDCFG_COLUMNS,0,1,1,table,
TH_CLNDR_A,0,1,1,table,
GS_ACC_INT_A,0,1,1,table,
DI_TL_A,0,1,1,table,
GS_QUOTPL_2_CUR_A,0,1,1,table,
RC_RUL_PRM_2_RUL_A,0,1,1,table,
CS_CPRCS2PRM_PRMV_A,0,1,1,table,
RT_Rct2BNKBR,0,1,1,table,
CS_BALI_CF2,0,1,1,table,
CS_BALI_CF_WM,0,1,1,table,
CS_BALI_BNK2,0,1,1,table,
CS_BALI_BNK_WM,0,1,1,table,
RT_RCT2ACC,0,1,1,table,
RT_RCT2ACC_A,0,1,1,table,
RT_RCT2ACC_CTRP_A,0,1,1,table,
RT_RCT2ACC_CTRP,0,1,1,table,
RT_RCT2CTRP_A,0,1,1,table,
TH_ATTCH_ROLE_A,0,1,1,table,
CS_AB_FLTR_STATUSES,0,1,1,table,
GS_PRTFL_A,0,1,1,table,
RC_RUL_PRM_A,0,1,1,table,
DI_TB2GSCHDL_A,0,1,1,table,
CS_AVCDTN_RLSTP,0,1,1,table,
TH_PRTLTRPT_A,0,1,1,table,
AA_SIGNGRP_A,0,1,1,table,
AA_LTUSRTLD_A,0,1,1,table,
AA_LTCTG_A,0,1,1,table,
TH_CSTINTRVL_A,0,1,1,table,
DI_DC_TX_A,0,1,1,table,
DI_DC_TX,0,1,1,table,
DI_MF_TX,0,1,1,table,
DI_OUTFTR_2STTS,0,1,1,table,
CS_AB_FLTR_STATUSES_A,0,1,1,table,
CS_FLOWCTS_A,0,1,1,table,
TH_ATTCH_TYPE_A,0,1,1,table,
RC_RUL_PRM,1,0,1,table,
CS_AB_FLTR_2_AP_A,0,1,1,table,
GS_GLSTTP_A,0,1,1,table,
TH_USR_VLDT_TU_A,0,1,1,table,
GS_PHNTP_A,0,1,1,table,
CS_GEN_FEE_FEESTEPS,0,1,1,table,
CS_PAY2IDNTTP,0,1,1,table,
DI_TD_A,0,1,1,table,
DI_FNLINE2BRNCH_A,0,1,1,table,
DI_TB_PNLTY_A,0,1,1,table,
DI_ML_TX_A,0,1,1,table,
DI_OUTFTR_2RTTS,0,1,1,table,
GS_BNKGRP_A,0,1,1,table,
DI_BC_A,0,1,1,table,
RC_RPRCS_A,0,1,1,table,
CS_AB_FLTR_2_ACC_A,0,1,1,table,
TH_USR_2_UROLE_A,0,1,1,table,
RT_Rct2BNKBR_A,0,1,1,table,
TH_TCKT_TMPL_A,0,1,1,table,
TH_OTGNGML_A,0,1,1,table,
GS_BLNGST_CURREXCH_A,0,1,1,table,
CS_CPRCS2RUL_PRMV_A,0,1,1,table,
AA_LTTMPL_A,0,1,1,table,
TH_SCHEDULE_A,0,1,1,table,
TH_SCHEDULE_COND,0,1,1,table,
RC_RPRCS2RUL_PRMV,0,1,1,table,
PY_PAYT_CAMPAIGN,0,1,1,table,
DI_BC2GSCHDL_A,0,1,1,table,
TH_USR_A,0,1,1,table,
DI_BC_FILES_A,0,1,1,table,
TH_USR_VLDT_A,0,1,1,table,
DI_FNLINE2TRNTP_A,0,1,1,table,
DI_FNLINE2CMPS_A,0,1,1,table,
DI_FNLINE2ACCS_A,0,1,1,table,
TH_UROLE_2_SECPOL_A,0,1,1,table,
DI_BLSN_2CTGR,0,1,1,table,
TH_USR_VLDT_TUR_A,0,1,1,table,
TH_STRUCTR_A,0,1,1,table,
TH_NOTIF,1,0,1,table,
TH_CSTINTRVL,1,0,1,table,
TH_XEYEDEF_A,0,1,1,table,
TH_CNVRTR,1,0,1,table,
CS_AB_FLTR_2_CMP_A,0,1,1,table,
TH_STRFLD_2_CNVRTR_A,0,1,1,table,
TH_RPT,0,1,1,table,
GS_CNTRPCTG_SBY,0,1,1,table,
TH_UROLE_2_SECFR_A,0,1,1,table,
TH_XEYEDEF_STEPS_RLS_A,0,1,1,table,
TH_XEYEDEF_STEPS_USR_A,0,1,1,table,
TH_XEYEPL_A,0,1,1,table,
CS_BNKFLENTLNK_ERRS,0,1,1,table,
RC_PRCSPM_2_BNK_A,0,1,1,table,
CS_BNKFLSTLNK_ERRS,0,1,1,table,
TH_OUTGNGMLTMPLT,0,1,1,table,
AA_BTCHTL_2_AU2EMP_A,0,1,1,table,
AA_AU2EMP_A,0,1,1,table,
TH_SECPOL_SECURITIESBY,0,1,1,table,
GS_BLNGST_CURREXCH,0,1,1,table,
GS_BLNGST_COMP,0,1,1,table,
DI_OUTFTR_2TRNT,0,1,1,table,
TH_TCKT_ATTCH,0,1,1,table,
TH_STRPPFLD,0,1,1,table,
TH_SRCHCFG,1,0,1,table,
GS_QUOTPL_2_CUR1_A,0,1,1,table,
TH_PRTL_PARAMS,0,1,1,table,
TH_OPREG_STATS,0,1,1,table,
CS_CPRCS2RUL_PRMV,0,1,1,table,
TH_ENTVWPMS_ENT_PRMS,0,1,1,table,
TH_ID_MGR_INFO,1,0,1,table,
TH_ID_MGR_DATA,0,1,1,table,
TH_ENTFLTPM_SPEC_PRMS,0,1,1,table,
TH_APPSET,0,1,1,table,
TH_ENTVWCLFRSRTPM,0,1,1,table,
TH_ENTVWCLFRGRPPM,0,1,1,table,
TH_ENTVIWPLOT_CHARTS,0,1,1,table,
TH_CLNDR_SPECKDAY,0,1,1,table,
PY_MASPAYTM_A,0,1,1,table,
PY_PAY2ACC_A,0,1,1,table,
AA_ACCOPTP_ST,0,1,1,table,
GS_CUR_A,0,1,1,table,
AA_ACCAU_2_AU2EMP_A,0,1,1,table,
AA_ACCOPTP_A,0,1,1,table,
CS_B2FSC_2_FLOWCDS_A,0,1,1,table,
CS_B2FSC_2_BNKSTTP_A,0,1,1,table,
GS_IDNTTP_A,0,1,1,table,
CS_B2FC_A,0,1,1,table,
GS_INDXRT_A,0,1,1,table,
GS_NADDRTP_A,0,1,1,table,
GS_PERIODTP_A,0,1,1,table,
AA_LT_2_ACCAU_CAU_A,0,1,1,table,
AA_LT_2_ACCAU_AU_A,0,1,1,table,
AA_EMPGRP_A,0,1,1,table,
AA_EMPGRP_2_AU2EMP_A,0,1,1,table,
AA_CORRTP_A,0,1,1,table,
AA_LTUSRTL_A,0,1,1,table,
AA_LTRUL_2_EMPGRP_A,0,1,1,table,
AA_LTRUL_2_BNKBR_A,0,1,1,table,
AA_LTRUL_2_AU2CMP_A,0,1,1,table,
AA_LTRUL_2_AU2ACC_A,0,1,1,table,
AA_LTRUL_2_ACCOPTP_A,0,1,1,table,
AA_LT_FILES_A,0,1,1,table,
AA_AU2CMP_A,0,1,1,table,
AA_BTCHTL_2_AU2ACC_A,0,1,1,table,
AA_AU2CMP_2_AU2EMP_A,0,1,1,table,
AA_AU2ACC_A,0,1,1,table,
PY_PAY2ACC_CTRP_A,0,1,1,table,
RC_PRCS2PRM_PRMV,0,1,1,table,
RC_RCNREP_2SRTBY,0,1,1,table,
DI_CRLNF_2CTGR,0,1,1,table,
DI_BLSN_2RTTS,0,1,1,table,
DI_ACRIN_2TRNT,0,1,1,table,
RC_PRCS2PRM_PRMV_A,0,1,1,table,
RC_RC2ACC_A,0,1,1,table,
DI_BLSN_2TRNT,0,1,1,table,
DI_BLSN_2STTS,0,1,1,table,
DI_BLSN_2DMNS,0,1,1,table,
CS_RPT_DA_F_CFST,0,1,1,table,
CS_RUL_ELMT,0,1,1,table,
RC_PRCSPM_2_BNKBR_A,0,1,1,table,
RC_RPRCS_PRMV,0,1,1,table,
RC_RC2COM_A,0,1,1,table,
RC_RPRCSPM_A,0,1,1,table,
RC_RPRCS_PRMV_A,0,1,1,table,
CS_CPW_STRCT_ACGRP,0,1,1,table,
CS_CPW_STRCT_GRP,0,1,1,table,
CS_CPW_STRCT_BROW,0,1,1,table,
RC_RPRCS2RUL_PRMV_A,0,1,1,table,
RC_RPRCSPM_2_ACC_A,0,1,1,table,
RC_BNKFLSTLNK_ERRS,0,1,1,table,
CS_CPW_CODE,1,0,1,table,
CS_CMSN_FXS,0,1,1,table,
CS_CMSN_AMS,0,1,1,table,
DI_BLSN_DATESTEPS,0,1,1,table,
DI_ACRIN_2RTTS,0,1,1,table,
CS_CPRCS_PRMV,0,1,1,table,
DI_CRLNF_2STTS,0,1,1,table,
RC_BALI_ACC2,0,1,1,table,
PY_PAY2BNKBR_A,0,1,1,table,
RC_BALI_GLACC2,0,1,1,table,
RC_BALI_GLACC_WM,0,1,1,table,
PY_PAY2BNKBR,0,1,1,table,
CS_CMSN_UNS,0,1,1,table,
RC_BALI_ACC_WM,0,1,1,table,
PY_PAY2CMP_A,0,1,1,table,
PY_PAY2CTRP_A,0,1,1,table,
GS_BLNGST_SRV_TXID,0,1,1,table,
QRTZ_CRON_TRIGGERS,0,1,1,table,
QRTZ_SIMPLE_TRIGGERS,0,1,1,table,
QRTZ_SIMPROP_TRIGGERS,0,1,1,table,
QRTZ_JOB_DETAILS,1,0,1,table,
RC_B2GC_A,0,1,1,table,
RC_B2GSC_2_BNKSTTP_A,0,1,1,table,
RC_B2GSC_2_GLSTTP_A,0,1,1,table,
DI_MFLFIL_DIMENSION,0,1,1,table,
DI_MFLFIL_2STTS,0,1,1,table,
DI_MFLFIL_2MFTP,0,1,1,table,
DI_MFRATE,0,1,1,table,
DI_ACRIN_2STTS,0,1,1,table,
DI_CRLNF_2TRNT,0,1,1,table,
Comptes,0,1,1,view,
